elyssa1961@tillman.info,Rodrigo Xavier Jr.,(589) 629-5512
richmond.white@wehner.org,Sr. Luan da Terra Filho,(459) 287-1114
uriah.haag@hickle.net,Lara Freitas,(719) 255-2655
tyrell1989@vonrueden.org,Sra. Bianca Banheira,567-225-8835
rowan2077@klocko.com,Margarida Mendanha,860/796-7151
cordelia.waelchi@mcdermott.com,Maria Alice Bouças,700-517-1261
drew1958@lehner.biz,Hugo Espinhosa,321.419.4969
amalia2079@becker.biz,Dr. Joao Nascimento Neto,573/414-9694
alex2035@lesch.biz,João Lucas Vasques,(652) 735-0057
khalid_macgyver@graham.info,Bento Freitas,505-544-1489
dayana_feest@johns.org,Malu da Rosa,7299553422
larissa.marvin@farrell.org,Frederico Castanheira,(332) 399-1225
solon1923@oberbrunner.org,Sophie Mangueira Neto,546.403.3593
cameron_lynch@considine.com,Henrique da Penha,639.231.0710
ahmad1913@borer.info,Dra. Bernardo Rocha Jr.,7142351584
alexanne.dicki@schulist.org,Luiz Moniz,7323759004
cora.price@hartmann.org,Lorena Raia,(964) 344-0564
jewel_funk@hammes.info,Malu Godins,(333) 393-6555
georgiana1987@dubuque.biz,Sra. Nataniel Bernardes Neto,776.875.5326
neha.watsica@glover.org,Sra. Vitória Pinheira,(942) 537-1428
preston.osinski@kreiger.biz,Sr. Kaique Castro Neto,569/284-9274
vinnie_stehr@leannon.org,Bruna Simões,679-486-2093
norval.torphy@sawayn.net,Pedro Henrique Rameira,667/288-5434
vern_fritsch@greenfelder.com,Célia Figueira,231/743-4862
TTAAA@@@@AASS,TTTAAA,12312313
teste@asdas,Teste,2222211
tarcisio@ymail.com,Tarcisio Oliveira,98068510
